Date,Partner,Platform,Status,App Name,Ad Name,Imps,Clicks,Installs,Spend,Avg. Position,Visibility,Customers,Revenue
01/05/2025,Magical Apps,Shopify,Live,Magical Fees & Tariffs,Broad - Top Plans,170,1,,$1.33,3.2,6.90%,,
01/05/2025,Magical Apps,Shopify,Live,Magical Fees & Tariffs,Exact - Top Plans,46,6,2,$14.98,1.7,100.00%,,
01/05/2025,Magical Apps,Shopify,Live,Address Ninja - Validator,Broad - Top Plans,247,4,,$6.12,2.9,13.40%,,
01/05/2025,Magical Apps,Shopify,Live,Address Ninja - Validator,Exact - Top Plans,53,1,,$6.03,2.2,44.20%,,
01/05/2025,Magical Apps,Shopify,Live,Magical Make An Offer,Exact - Top Plans,6,,,,1.5,33.30%,,
01/05/2025,Magical Apps,Shopify,Live,Magical Make An Offer,Broad - Top Plans,152,,,,22.6,8.40%,,
02/05/2025,Magical Apps,Shopify,Live,Magical Fees & Tariffs,Broad - Top Plans,324,3,,$3.99,3.4,7.20%,,
02/05/2025,Magical Apps,Shopify,Live,Magical Fees & Tariffs,Exact - Top Plans,72,9,2,$21.97,1.5,100.00%,,
02/05/2025,Magical Apps,Shopify,Live,Address Ninja - Validator,Broad - Top Plans,449,4,,$6.12,2.9,12.70%,,
02/05/2025,Magical Apps,Shopify,Live,Address Ninja - Validator,Exact - Top Plans,104,2,,$12.06,2.4,45.00%,,
02/05/2025,Magical Apps,Shopify,Live,Magical Make An Offer,Exact - Top Plans,7,,,,1.6,33.30%,,
02/05/2025,Magical Apps,Shopify,Live,Magical Make An Offer,Broad - Top Plans,297,,,,2.6,8.60%,,
04/05/2025,Magical Apps,Shopify,Live,Magical Fees & Tariffs,Broad - Top Plans,485,6,,$7.98,3.4,7.30%,,
04/05/2025,Magical Apps,Shopify,Live,Magical Fees & Tariffs,Exact - Top Plans,100,12,2,$29.76,1.5,100.00%,,
04/05/2025,Magical Apps,Shopify,Live,Address Ninja - Validator,Broad - Top Plans,694,11,,$16.83,2.8,13.40%,,
04/05/2025,Magical Apps,Shopify,Live,Address Ninja - Validator,Exact - Top Plans,149,3,,$18.09,2.4,42.60%,,
04/05/2025,Magical Apps,Shopify,Live,Magical Make An Offer,Exact - Top Plans,14,1,1,$5.53,1.5,48.30%,,
04/05/2025,Magical Apps,Shopify,Live,Magical Make An Offer,Broad - Top Plans,492,7,1,$11.71,2.7,9.70%,,
06/05/2025,Magical Apps,Shopify,Live,Magical Fees & Tariffs,Broad - Top Plans,850,10,,$13.30,3.4,7.10%,,
06/05/2025,Magical Apps,Shopify,Live,Magical Fees & Tariffs,Exact - Top Plans,144,17,4,$39.51,1.5,99.30%,,
06/05/2025,Magical Apps,Shopify,Live,Address Ninja - Validator,Broad - Top Plans,"1,133",16,1,$24.48,2.8,12.40%,,
06/05/2025,Magical Apps,Shopify,Live,Address Ninja - Validator,Exact - Top Plans,257,4,,$23.12,2.5,43.60%,,
06/05/2025,Magical Apps,Shopify,Live,Magical Make An Offer,Exact - Top Plans,36,4,2,$23.12,1.8,58.10%,,
06/05/2025,Magical Apps,Shopify,Live,Magical Make An Offer,Broad - Top Plans,839,8,1,$13.74,2.7,9.20%,,
07/05/2025,Magical Apps,Shopify,Live,Magical Fees & Tariffs,Broad - Top Plans,"1,041",12,1,$15.96,3.4,7.10%,,
07/05/2025,Magical Apps,Shopify,Live,Magical Fees & Tariffs,Exact - Top Plans,182,23,4,$51.49,1.6,96.30%,,
07/05/2025,Magical Apps,Shopify,Live,Address Ninja - Validator,Broad - Top Plans,"1,322",17,1,$26.01,2.9,11.70%,,
07/05/2025,Magical Apps,Shopify,Live,Address Ninja - Validator,Exact - Top Plans,296,5,,$28.15,2.6,40.50%,,
07/05/2025,Magical Apps,Shopify,Live,Magical Make An Offer,Exact - Top Plans,45,4,2,$23.12,1.8,63.40%,,
07/05/2025,Magical Apps,Shopify,Live,Magical Make An Offer,Broad - Top Plans,"1,032",10,1,$17.80,2.8,9.30%,,
07/05/2025,Magical Apps,Shopify,Live,Magical Fees & Tariffs,Fees Awareness,13,,,,2.7,44.80%,,
07/05/2025,Magical Apps,Shopify,Live,Magical Make An Offer,Make an Offer Awareness,10,2,,$15.00,1.0,58.80%,,
08/05/2025,Magical Apps,Shopify,Live,Magical Fees & Tariffs,Broad - Top Plans,"1,223",13,2,$17.29,3.4,7.00%,,
08/05/2025,Magical Apps,Shopify,Live,Magical Fees & Tariffs,Exact - Top Plans,215,28,5,$62.24,1.6,95.60%,,
08/05/2025,Magical Apps,Shopify,Live,Address Ninja - Validator,Broad - Top Plans,"1,536",18,1,$27.54,2.9,11.60%,,
08/05/2025,Magical Apps,Shopify,Live,Address Ninja - Validator,Exact - Top Plans,344,8,,$43.24,2.6,39.80%,,
08/05/2025,Magical Apps,Shopify,Live,Magical Make An Offer,Exact - Top Plans,47,4,2,$23.12,1.8,59.50%,,
08/05/2025,Magical Apps,Shopify,Live,Magical Make An Offer,Broad - Top Plans,"1,170",14,2,$25.32,2.8,8.90%,,
08/05/2025,Magical Apps,Shopify,Live,Magical Fees & Tariffs,Fees Awareness,38,4,,$32.00,2.2,42.20%,,
08/05/2025,Magical Apps,Shopify,Live,Magical Make An Offer,Make an Offer Awareness,22,6,1,$34.00,1.1,61.10%,,
09/05/2025,Magical Apps,Shopify,Live,Magical Fees & Tariffs,Broad - Top Plans,"1,333",16,2,$21.28,3.4,6.80%,,
09/05/2025,Magical Apps,Shopify,Live,Magical Fees & Tariffs,Exact - Top Plans,257,35,7,$76.45,1.6,94.80%,,
09/05/2025,Magical Apps,Shopify,Live,Address Ninja - Validator,Broad - Top Plans,"1,673",18,1,$27.54,2.9,11.20%,,
09/05/2025,Magical Apps,Shopify,Live,Address Ninja - Validator,Exact - Top Plans,377,10,1,$53.30,2.7,38.30%,,
09/05/2025,Magical Apps,Shopify,Live,Magical Make An Offer,Exact - Top Plans,59,5,2,$29.15,1.7,63.40%,,
09/05/2025,Magical Apps,Shopify,Live,Magical Make An Offer,Broad - Top Plans,"1,297",16,3,$29.38,2.8,8.80%,,
09/05/2025,Magical Apps,Shopify,Live,Magical Fees & Tariffs,Fees Awareness,55,6,0,$48.00,2.3,43.30%,,
09/05/2025,Magical Apps,Shopify,Live,Magical Make An Offer,Make an Offer Awareness,25,7,2,$52.00,1.2,52.10%,,
10/05/2025,Magical Apps,Shopify,Live,Magical Fees & Tariffs,Broad - Top Plans,"1,390",16,2,$21.28,3.4,6.80%,,
10/05/2025,Magical Apps,Shopify,Live,Magical Fees & Tariffs,Exact - Top Plans,258,35,7,$76.45,1.6,94.90%,,
10/05/2025,Magical Apps,Shopify,Live,Address Ninja - Validator,Broad - Top Plans,"1,735",18,1,$27.53,2.9,11.00%,,
10/05/2025,Magical Apps,Shopify,Live,Address Ninja - Validator,Exact - Top Plans,392,10,1,$53.30,2.7,37.40%,,
10/05/2025,Magical Apps,Shopify,Live,Magical Make An Offer,Exact - Top Plans,61,5,2,$29.15,1.7,63.50%,,
10/05/2025,Magical Apps,Shopify,Live,Magical Make An Offer,Broad - Top Plans,"1,364",17,4,$30.41,2.8,8.80%,,
10/05/2025,Magical Apps,Shopify,Live,Magical Fees & Tariffs,Fees Awareness,73,7,,$48.73,2.3,45.10%,,
10/05/2025,Magical Apps,Shopify,Live,Magical Make An Offer,Make an Offer Awareness,37,7,2,$52.00,1.3,60.70%,,
11/05/2025,Magical Apps,Shopify,Live,Magical Fees & Tariffs,Broad - Top Plans,"1,435",16,2,$21.28,3.4,6.70%,,
11/05/2025,Magical Apps,Shopify,Live,Magical Fees & Tariffs,Exact - Top Plans,270,37,8,$79.71,1.6,95.10%,,
11/05/2025,Magical Apps,Shopify,Live,Address Ninja - Validator,Broad - Top Plans,"1,791",18,1,$27.54,2.9,11.00%,,
11/05/2025,Magical Apps,Shopify,Live,Address Ninja - Validator,Exact - Top Plans,402,11,2,$58.33,2.7,36.60%,,
11/05/2025,Magical Apps,Shopify,Live,Magical Make An Offer,Exact - Top Plans,61,5,2,$29.15,1.7,63.50%,,
11/05/2025,Magical Apps,Shopify,Live,Magical Make An Offer,Broad - Top Plans,"1,416",17,4,$30.41,2.8,8.80%,,
11/05/2025,Magical Apps,Shopify,Live,Magical Fees & Tariffs,Fees Awareness,75,7,,$48.73,2.4,43.60%,,
11/05/2025,Magical Apps,Shopify,Live,Magical Make An Offer,Make an Offer Awareness,46,7,2,$52.00,1.3,59.00%,,
12/05/2025,Magical Apps,Shopify,Live,Magical Fees & Tariffs,Broad - Top Plans,"1,581",16,2,$21.28,3.4,6.70%,,
12/05/2025,Magical Apps,Shopify,Live,Magical Fees & Tariffs,Exact - Top Plans,292,41,9,$86.73,1.6,95.40%,,
12/05/2025,Magical Apps,Shopify,Live,Address Ninja - Validator,Broad - Top Plans,"1,941",20,2,$30.60,2.9,10.50%,,
12/05/2025,Magical Apps,Shopify,Live,Address Ninja - Validator,Exact - Top Plans,425,13,2,$64.39,2.8,35.00%,,
12/05/2025,Magical Apps,Shopify,Live,Magical Make An Offer,Exact - Top Plans,68,6,2,$36.68,1.8,65.40%,,
12/05/2025,Magical Apps,Shopify,Live,Magical Make An Offer,Broad - Top Plans,"1,580",19,5,$34.47,2.8,8.70%,,
12/05/2025,Magical Apps,Shopify,Live,Magical Fees & Tariffs,Fees Awareness,94,9,1,$62.73,2.3,43.90%,,
12/05/2025,Magical Apps,Shopify,Live,Magical Make An Offer,Make an Offer Awareness,54,8,2,$57.03,1.3,57.40%,,
13/05/2025,Magical Apps,Shopify,Live,Magical Fees & Tariffs,Broad - Top Plans,"1,760",17,2,$22.61,3.4,6.70%,,
13/05/2025,Magical Apps,Shopify,Live,Magical Fees & Tariffs,Exact - Top Plans,324,47,9,$96.11,1.6,95.60%,,
13/05/2025,Magical Apps,Shopify,Live,Address Ninja - Validator,Broad - Top Plans,"2,077",21,2,$32.13,3.0,10.10%,,
13/05/2025,Magical Apps,Shopify,Live,Address Ninja - Validator,Exact - Top Plans,460,14,2,$71.42,2.9,33.90%,,
13/05/2025,Magical Apps,Shopify,Live,Magical Make An Offer,Exact - Top Plans,76,6,2,$36.68,1.7,65.50%,,
13/05/2025,Magical Apps,Shopify,Live,Magical Make An Offer,Broad - Top Plans,"1,776",21,5,$38.53,2.8,8.80%,,
13/05/2025,Magical Apps,Shopify,Live,Magical Fees & Tariffs,Fees Awareness,131,14,3,$76.42,2.3,43.50%,,
13/05/2025,Magical Apps,Shopify,Live,Magical Make An Offer,Make an Offer Awareness,61,9,2,$62.06,1.3,59.20%,,
14/05/2025,Magical Apps,Shopify,Live,Magical Fees & Tariffs,Broad - Top Plans,"1,904",18,2,$23.94,3.4,6.60%,,
14/05/2025,Magical Apps,Shopify,Live,Magical Fees & Tariffs,Exact - Top Plans,340,49,11,$98.57,1.7,95.80%,,
14/05/2025,Magical Apps,Shopify,Live,Address Ninja - Validator,Broad - Top Plans,"2,191",22,2,$33.66,3.0,9.70%,,
14/05/2025,Magical Apps,Shopify,Live,Address Ninja - Validator,Exact - Top Plans,509,16,2,$78.48,3.0,33.50%,,
14/05/2025,Magical Apps,Shopify,Live,Magical Make An Offer,Exact - Top Plans,82,6,2,$36.68,1.7,64.10%,,
14/05/2025,Magical Apps,Shopify,Live,Magical Make An Offer,Broad - Top Plans,"1,984",24,5,$44.72,2.8,8.90%,,
14/05/2025,Magical Apps,Shopify,Live,Magical Fees & Tariffs,Fees Awareness,159,18,5,$98.42,2.3,42.60%,,
14/05/2025,Magical Apps,Shopify,Live,Magical Make An Offer,Make an Offer Awareness,74,11,2,$72.12,1.3,60.70%,,
15/05/2025,Magical Apps,Shopify,Live,Magical Fees & Tariffs,Broad - Top Plans,"2,041",21,3,$28.13,3.4,6.50%,,
15/05/2025,Magical Apps,Shopify,Live,Magical Fees & Tariffs,Exact - Top Plans,354,52,12,$101.56,1.7,95.90%,,
15/05/2025,Magical Apps,Shopify,Live,Address Ninja - Validator,Broad - Top Plans,"2,318",25,2,$38.25,3.0,9.40%,,
15/05/2025,Magical Apps,Shopify,Live,Address Ninja - Validator,Exact - Top Plans,542,18,2,$85.84,3.0,32.80%,,
15/05/2025,Magical Apps,Shopify,Live,Magical Make An Offer,Exact - Top Plans,87,6,2,$36.68,1.7,65.40%,,
15/05/2025,Magical Apps,Shopify,Live,Magical Make An Offer,Broad - Top Plans,"2,135",26,5,$48.98,2.8,8.80%,,
15/05/2025,Magical Apps,Shopify,Live,Magical Fees & Tariffs,Fees Awareness,177,21,5,$101.45,2.3,40.80%,,
15/05/2025,Magical Apps,Shopify,Live,Magical Make An Offer,Make an Offer Awareness,79,14,2,$81.21,1.2,60.30%,,
16/05/2025,Magical Apps,Shopify,Live,Magical Fees & Tariffs,Broad - Top Plans,"2,135",22,3,$29.46,3.4,6.40%,,
16/05/2025,Magical Apps,Shopify,Live,Magical Fees & Tariffs,Exact - Top Plans,364,53,12,$102.29,1.7,95.30%,,
16/05/2025,Magical Apps,Shopify,Live,Address Ninja - Validator,Broad - Top Plans,"2,430",25,2,$38.25,3.0,9.30%,,
16/05/2025,Magical Apps,Shopify,Live,Address Ninja - Validator,Exact - Top Plans,552,18,2,$85.84,3.0,31.20%,,
16/05/2025,Magical Apps,Shopify,Live,Magical Make An Offer,Exact - Top Plans,94,8,2,$49.04,3.0,67.10%,,
16/05/2025,Magical Apps,Shopify,Live,Magical Make An Offer,Broad - Top Plans,"2,269",26,5,$48.98,1.7,8.80%,,
16/05/2025,Magical Apps,Shopify,Live,Magical Fees & Tariffs,Fees Awareness,187,22,6,$102.48,2.4,37.60%,,
16/05/2025,Magical Apps,Shopify,Live,Magical Make An Offer,Make an Offer Awareness,86,16,2,$89.27,1.3,59.70%,,
17/05/2025,Magical Apps,Shopify,Live,Magical Fees & Tariffs,Broad - Top Plans,"2,227",23,3,$30.79,3.4,6.50%,,
17/05/2025,Magical Apps,Shopify,Live,Magical Fees & Tariffs,Exact - Top Plans,375,56,14,$106.18,1.7,95.20%,,
17/05/2025,Magical Apps,Shopify,Live,Address Ninja - Validator,Broad - Top Plans,"2,495",25,2,$38.25,3.0,9.20%,,
17/05/2025,Magical Apps,Shopify,Live,Address Ninja - Validator,Exact - Top Plans,556,18,2,$85.84,3.0,30.50%,,
17/05/2025,Magical Apps,Shopify,Live,Magical Make An Offer,Exact - Top Plans,96,9,2,$51.57,1.7,67.10%,,
17/05/2025,Magical Apps,Shopify,Live,Magical Make An Offer,Broad - Top Plans,"2,342",26,5,$48.98,2.8,8.80%,,
17/05/2025,Magical Apps,Shopify,Live,Magical Fees & Tariffs,Fees Awareness,205,23,6,$109.48,2.4,38.10%,,
17/05/2025,Magical Apps,Shopify,Live,Magical Make An Offer,Make an Offer Awareness,90,17,2,$92.30,1.3,59.20%,,
18/05/2025,Magical Apps,Shopify,Live,Magical Fees & Tariffs,Broad - Top Plans,"2,302",23,3,$30.79,3.4,6.50%,,
18/05/2025,Magical Apps,Shopify,Live,Magical Fees & Tariffs,Exact - Top Plans,382,57,15,$107.91,1.8,95.30%,,
18/05/2025,Magical Apps,Shopify,Live,Address Ninja - Validator,Broad - Top Plans,"2,542",25,2,$38.25,3.0,9.20%,,
18/05/2025,Magical Apps,Shopify,Live,Address Ninja - Validator,Exact - Top Plans,558,18,2,$85.84,3.0,30.10%,,
18/05/2025,Magical Apps,Shopify,Live,Magical Make An Offer,Exact - Top Plans,99,9,2,$51.57,1.7,66.90%,,
18/05/2025,Magical Apps,Shopify,Live,Magical Make An Offer,Broad - Top Plans,"2,426",28,5,$53.04,2.8,8.80%,,
18/05/2025,Magical Apps,Shopify,Live,Magical Fees & Tariffs,Fees Awareness,214,26,6,$120.51,2.4,36.70%,,
18/05/2025,Magical Apps,Shopify,Live,Magical Make An Offer,Make an Offer Awareness,91,17,2,$92.30,1.3,59.50%,,
19/05/2025,Magical Apps,Shopify,Live,Magical Fees & Tariffs,Broad - Top Plans,"2,445",24,3,$32.12,3.3,6.50%,,
19/05/2025,Magical Apps,Shopify,Live,Magical Fees & Tariffs,Exact - Top Plans,392,58,15,$114.44,1.8,95.40%,,
19/05/2025,Magical Apps,Shopify,Live,Address Ninja - Validator,Broad - Top Plans,"2,663",26,2,$39.78,3.0,9.00%,,
19/05/2025,Magical Apps,Shopify,Live,Address Ninja - Validator,Exact - Top Plans,587,18,2,$85.84,3.0,29.80%,,
19/05/2025,Magical Apps,Shopify,Live,Magical Make An Offer,Exact - Top Plans,100,9,2,$51.57,1.7,67.10%,,
19/05/2025,Magical Apps,Shopify,Live,Magical Make An Offer,Broad - Top Plans,"2,565",28,5,$53.04,2.8,8.70%,,
19/05/2025,Magical Apps,Shopify,Live,Magical Fees & Tariffs,Fees Awareness,229,26,6,$120.51,2.4,36.60%,,
19/05/2025,Magical Apps,Shopify,Live,Magical Make An Offer,Make an Offer Awareness,99,18,2,$95.33,1.4,57.60%,,
20/05/2025,Magical Apps,Shopify,Live,Magical Fees & Tariffs,Broad - Top Plans,"2,624",32,3,$43.76,3.3,6.50%,,
20/05/2025,Magical Apps,Shopify,Live,Magical Fees & Tariffs,Exact - Top Plans,422,63,17,$122.79,1.8,95.70%,,
20/05/2025,Magical Apps,Shopify,Live,Address Ninja - Validator,Broad - Top Plans,"2,818",30,2,$45.90,3.0,8.90%,,
20/05/2025,Magical Apps,Shopify,Live,Address Ninja - Validator,Exact - Top Plans,594,18,2,$85.84,3.0,28.70%,,
20/05/2025,Magical Apps,Shopify,Live,Magical Make An Offer,Exact - Top Plans,108,11,2,$67.43,1.7,64.70%,,
20/05/2025,Magical Apps,Shopify,Live,Magical Make An Offer,Broad - Top Plans,"2,723",31,5,$59.23,2.8,8.60%,,
20/05/2025,Magical Apps,Shopify,Live,Magical Fees & Tariffs,Fees Awareness,255,28,7,$128.51,2.5,37.00%,,
20/05/2025,Magical Apps,Shopify,Live,Magical Make An Offer,Make an Offer Awareness,109,19,2,$99.36,1.4,59.20%,,
22/05/2025,Magical Apps,Shopify,Live,Address Ninja - Validator,Top Countries and Plans,17,1,1,$2.53,2.8,23.30%,,
22/05/2025,Magical Apps,Shopify,Live,Magical Make An Offer,Top Countries and Plans,16,1,,$4.53,3.3,18.40%,,
22/05/2025,Magical Apps,Shopify,Live,Magical Fees & Tariffs,Top Countries and Plans,60,5,3,$7.65,1.7,84.50%,,
22/05/2025,Magical Apps,Shopify,Paused,Magical Fees & Tariffs,Broad - Top Plans,"2,714",33,5,$45.29,3.3,6.40%,,
22/05/2025,Magical Apps,Shopify,Paused,Magical Fees & Tariffs,Exact - Top Plans,442,66,18,$126.38,1.8,95.30%,,
22/05/2025,Magical Apps,Shopify,Paused,Address Ninja - Validator,Broad - Top Plans,"2,897",30,2,$45.90,3.0,8.70%,,
22/05/2025,Magical Apps,Shopify,Paused,Address Ninja - Validator,Exact - Top Plans,597,18,2,$85.84,3.0,27.50%,,
22/05/2025,Magical Apps,Shopify,Paused,Magical Make An Offer,Exact - Top Plans,118,11,2,$67.43,1.8,64.10%,,
22/05/2025,Magical Apps,Shopify,Paused,Magical Make An Offer,Broad - Top Plans,"2,831",31,5,$59.23,2.8,8.50%,,
22/05/2025,Magical Apps,Shopify,Paused,Magical Fees & Tariffs,Fees Awareness,274,31,8,$139.57,2.4,37.00%,,
22/05/2025,Magical Apps,Shopify,Paused,Magical Make An Offer,Make an Offer Awareness,116,19,2,$99.36,1.4,58.90%,,
23/05/2025,Magical Apps,Shopify,Live,Address Ninja - Validator,Top Countries and Plans,26,2,1,$5.06,2.8,23.40%,,
23/05/2025,Magical Apps,Shopify,Live,Magical Make An Offer,Top Countries and Plans,24,1,,$4.53,2.8,18.20%,,
23/05/2025,Magical Apps,Shopify,Live,Magical Fees & Tariffs,Top Countries and Plans,91,7,3,$10.41,1.8,83.50%,,
23/05/2025,Magical Apps,Shopify,Paused,Magical Fees & Tariffs,Broad - Top Plans,"2,714",33,5,$45.29,3.3,6.40%,,
23/05/2025,Magical Apps,Shopify,Paused,Magical Fees & Tariffs,Exact - Top Plans,442,66,18,$126.38,1.8,95.30%,1,$9.99
23/05/2025,Magical Apps,Shopify,Paused,Address Ninja - Validator,Broad - Top Plans,"2,897",30,2,$45.90,3.0,8.70%,,
23/05/2025,Magical Apps,Shopify,Paused,Address Ninja - Validator,Exact - Top Plans,597,18,2,$85.84,3.0,27.50%,1,$4.99
23/05/2025,Magical Apps,Shopify,Paused,Magical Make An Offer,Exact - Top Plans,118,11,2,$67.43,1.8,64.10%,,
23/05/2025,Magical Apps,Shopify,Paused,Magical Make An Offer,Broad - Top Plans,"2,831",31,5,$59.23,2.8,8.50%,,
23/05/2025,Magical Apps,Shopify,Paused,Magical Fees & Tariffs,Fees Awareness,274,31,8,$139.57,2.4,37.00%,,
23/05/2025,Magical Apps,Shopify,Paused,Magical Make An Offer,Make an Offer Awareness,116,19,2,$99.36,1.4,58.90%,,
25/05/2025,Magical Apps,Shopify,Live,Address Ninja - Validator,Top Countries and Plans,30,2,1,$5.06,2.9,25.00%,,
25/05/2025,Magical Apps,Shopify,Live,Magical Make An Offer,Top Countries and Plans,33,1,,$4.53,2.8,18.30%,,
25/05/2025,Magical Apps,Shopify,Live,Magical Fees & Tariffs,Top Countries and Plans,101,7,3,$10.41,1.9,84.90%,,
25/05/2025,Magical Apps,Shopify,Paused,Magical Fees & Tariffs,Broad - Top Plans,"2,714",33,5,$45.29,3.3,6.40%,,
25/05/2025,Magical Apps,Shopify,Paused,Magical Fees & Tariffs,Exact - Top Plans,442,66,18,$126.38,1.8,95.30%,1,$9.99
25/05/2025,Magical Apps,Shopify,Paused,Address Ninja - Validator,Broad - Top Plans,"2,897",30,2,$45.90,3.0,8.70%,,
25/05/2025,Magical Apps,Shopify,Paused,Address Ninja - Validator,Exact - Top Plans,597,18,2,$85.84,3.0,27.50%,1,$4.99
25/05/2025,Magical Apps,Shopify,Paused,Magical Make An Offer,Exact - Top Plans,118,11,2,$67.43,1.8,64.10%,,
25/05/2025,Magical Apps,Shopify,Paused,Magical Make An Offer,Broad - Top Plans,"2,831",31,5,$59.23,2.8,8.50%,,
25/05/2025,Magical Apps,Shopify,Paused,Magical Fees & Tariffs,Fees Awareness,274,31,8,$139.57,2.4,37.00%,,
25/05/2025,Magical Apps,Shopify,Paused,Magical Make An Offer,Make an Offer Awareness,116,19,2,$99.36,1.4,58.90%,,
27/05/2025,Magical Apps,Shopify,Live,Address Ninja - Validator,Top Countries,40,4,,$15.12,2.9,34.80%,,
27/05/2025,Magical Apps,Shopify,Live,Magical Make An Offer,Top Countries,88,9,3,$34.27,2.6,54.30%,,
27/05/2025,Magical Apps,Shopify,Live,Magical Fees & Tariffs,Top Countries,37,5,2,$11.05,2.0,88.10%,,
27/05/2025,Magical Apps,Shopify,Live,Address Ninja - Validator,Top Countries and Plans,106,5,3,$21.65,3.2,38.40%,,
27/05/2025,Magical Apps,Shopify,Live,Magical Make An Offer,Top Countries and Plans,110,2,,$9.06,2.8,34.80%,,
27/05/2025,Magical Apps,Shopify,Live,Magical Fees & Tariffs,Top Countries and Plans,144,12,6,$22.26,1.9,88.30%,,
27/05/2025,Magical Apps,Shopify,Paused,Magical Fees & Tariffs,Broad - Top Plans,"2,714",33,5,$45.29,3.3,6.40%,,
27/05/2025,Magical Apps,Shopify,Paused,Magical Fees & Tariffs,Exact - Top Plans,442,66,18,$126.38,1.8,95.30%,1,$9.99
27/05/2025,Magical Apps,Shopify,Paused,Address Ninja - Validator,Broad - Top Plans,"2,897",30,2,$45.90,3.0,8.70%,,
27/05/2025,Magical Apps,Shopify,Paused,Address Ninja - Validator,Exact - Top Plans,597,18,2,$85.84,3.0,27.50%,1,$4.99
27/05/2025,Magical Apps,Shopify,Paused,Magical Make An Offer,Exact - Top Plans,118,11,2,$67.43,1.8,64.10%,,
27/05/2025,Magical Apps,Shopify,Paused,Magical Make An Offer,Broad - Top Plans,"2,831",31,5,$59.23,2.8,8.50%,,
27/05/2025,Magical Apps,Shopify,Paused,Magical Fees & Tariffs,Fees Awareness,274,31,8,$139.57,2.4,37.00%,,
27/05/2025,Magical Apps,Shopify,Paused,Magical Make An Offer,Make an Offer Awareness,116,19,2,$99.36,1.4,58.90%,,
28/05/2025,Magical Apps,Shopify,Live,Address Ninja - Validator,Top Countries,78,5,,$18.15,3.2,38.80%,,
28/05/2025,Magical Apps,Shopify,Live,Magical Make An Offer,Top Countries,185,11,4,$41.33,2.6,61.70%,,
28/05/2025,Magical Apps,Shopify,Live,Magical Fees & Tariffs,Top Countries,83,8,3,$16.14,2.0,85.60%,,
28/05/2025,Magical Apps,Shopify,Live,Address Ninja - Validator,Top Countries and Plans,135,7,3,$30.71,3.3,41.00%,,
28/05/2025,Magical Apps,Shopify,Live,Magical Make An Offer,Top Countries and Plans,154,2,,$9.05,2.7,40.40%,,
28/05/2025,Magical Apps,Shopify,Live,Magical Fees & Tariffs,Top Countries and Plans,176,18,7,$38.64,1.9,90.30%,,
28/05/2025,Magical Apps,Shopify,Paused,Magical Fees & Tariffs,Broad - Top Plans,"2,714",33,5,$45.29,3.3,6.40%,,
28/05/2025,Magical Apps,Shopify,Paused,Magical Fees & Tariffs,Exact - Top Plans,442,66,18,$126.38,1.8,95.30%,1,$9.99
28/05/2025,Magical Apps,Shopify,Paused,Address Ninja - Validator,Broad - Top Plans,"2,897",30,2,$45.90,3.0,8.70%,,
28/05/2025,Magical Apps,Shopify,Paused,Address Ninja - Validator,Exact - Top Plans,597,18,2,$85.84,3.0,27.50%,1,$4.99
28/05/2025,Magical Apps,Shopify,Paused,Magical Make An Offer,Exact - Top Plans,118,11,2,$67.43,1.8,64.10%,,
28/05/2025,Magical Apps,Shopify,Paused,Magical Make An Offer,Broad - Top Plans,"2,831",31,5,$59.23,2.8,8.50%,,
28/05/2025,Magical Apps,Shopify,Paused,Magical Fees & Tariffs,Fees Awareness,274,31,8,$139.57,2.4,37.00%,,
28/05/2025,Magical Apps,Shopify,Paused,Magical Make An Offer,Make an Offer Awareness,116,19,2,$99.36,1.4,58.90%,,
29/05/2025,Magical Apps,Shopify,Live,Address Ninja - Validator,Top Countries,92,6,,$23.18,3.3,35.90%,,
29/05/2025,Magical Apps,Shopify,Live,Magical Make An Offer,Top Countries,245,16,7,$53.88,2.7,62.80%,,
29/05/2025,Magical Apps,Shopify,Live,Magical Fees & Tariffs,Top Countries,125,13,3,$23.49,2.0,88.70%,,
29/05/2025,Magical Apps,Shopify,Live,Address Ninja - Validator,Top Countries and Plans,157,9,3,$39.77,3.3,40.70%,,
29/05/2025,Magical Apps,Shopify,Live,Magical Make An Offer,Top Countries and Plans,178,2,,$9.06,2.7,41.90%,,
29/05/2025,Magical Apps,Shopify,Live,Magical Fees & Tariffs,Top Countries and Plans,183,18,7,$38.64,2.0,89.70%,,
29/05/2025,Magical Apps,Shopify,Paused,Magical Fees & Tariffs,Broad - Top Plans,"2,714",33,5,$45.29,3.3,6.40%,,
29/05/2025,Magical Apps,Shopify,Paused,Magical Fees & Tariffs,Exact - Top Plans,442,66,18,$126.38,1.8,95.30%,1,$9.99
29/05/2025,Magical Apps,Shopify,Paused,Address Ninja - Validator,Broad - Top Plans,"2,897",30,2,$45.90,3.0,8.70%,,
29/05/2025,Magical Apps,Shopify,Paused,Address Ninja - Validator,Exact - Top Plans,597,18,2,$85.84,3.0,27.50%,1,$4.99
29/05/2025,Magical Apps,Shopify,Paused,Magical Make An Offer,Exact - Top Plans,118,11,2,$67.43,1.8,64.10%,,
29/05/2025,Magical Apps,Shopify,Paused,Magical Make An Offer,Broad - Top Plans,"2,831",31,5,$59.23,2.8,8.50%,,
29/05/2025,Magical Apps,Shopify,Paused,Magical Fees & Tariffs,Fees Awareness,274,31,8,$139.57,2.4,37.00%,,
29/05/2025,Magical Apps,Shopify,Paused,Magical Make An Offer,Make an Offer Awareness,116,19,2,$99.36,1.4,58.90%,,